page_no,page_url,page_title,wave,role,keyword,searches_per_month,cpc_aed,monthly_value_aed
1,/property-valuation-dubai/,Dubai Property Valuation — Free Written Report in 24 Hours,1,TILL,dubai property valuation,480,46.35,1446
1,/property-valuation-dubai/,Dubai Property Valuation — Free Written Report in 24 Hours,1,TILL,property valuation companies dubai,110,33.64,240
1,/property-valuation-dubai/,Dubai Property Valuation — Free Written Report in 24 Hours,1,TILL,property valuation company in dubai,110,33.64,240
1,/property-valuation-dubai/,Dubai Property Valuation — Free Written Report in 24 Hours,1,TILL,online property valuation dubai,10,189.17,122
1,/property-valuation-dubai/,Dubai Property Valuation — Free Written Report in 24 Hours,1,TILL,dubai land department property valuation,10,21.26,13
1,/property-valuation-dubai/,Dubai Property Valuation — Free Written Report in 24 Hours,1,TILL,property valuation firm in dubai,10,0.0,0
1,/property-valuation-dubai/,Dubai Property Valuation — Free Written Report in 24 Hours,1,TILL,property valuation services dubai,10,0.0,0
1,/property-valuation-dubai/,Dubai Property Valuation — Free Written Report in 24 Hours,1,TILL,list of property valuation companies in dubai,10,0.0,0
2,/property-valuation-dubai/golden-visa/,Golden Visa Property Valuation Dubai — AED 2M Threshold,1,TILL,golden visa property,140,13.85,126
2,/property-valuation-dubai/golden-visa/,Golden Visa Property Valuation Dubai — AED 2M Threshold,1,TILL,portugal golden visa property,140,13.85,126
2,/property-valuation-dubai/golden-visa/,Golden Visa Property Valuation Dubai — AED 2M Threshold,1,TILL,golden visa property value,70,19.13,87
2,/property-valuation-dubai/golden-visa/,Golden Visa Property Valuation Dubai — AED 2M Threshold,1,TILL,golden visa property valuation,70,19.13,87
2,/property-valuation-dubai/golden-visa/,Golden Visa Property Valuation Dubai — AED 2M Threshold,1,TILL,uae golden visa property investment,70,0.0,0
2,/property-valuation-dubai/golden-visa/,Golden Visa Property Valuation Dubai — AED 2M Threshold,1,TILL,uae golden visa property investors,70,0.0,0
2,/property-valuation-dubai/golden-visa/,Golden Visa Property Valuation Dubai — AED 2M Threshold,1,TILL,golden visa property requirements,30,6.83,13
2,/property-valuation-dubai/golden-visa/,Golden Visa Property Valuation Dubai — AED 2M Threshold,1,TILL,sharjah golden visa property,20,11.42,14
2,/property-valuation-dubai/golden-visa/,Golden Visa Property Valuation Dubai — AED 2M Threshold,1,TILL,abu dhabi golden visa property,20,10.69,13
2,/property-valuation-dubai/golden-visa/,Golden Visa Property Valuation Dubai — AED 2M Threshold,1,TILL,rak golden visa property,10,24.39,15
2,/property-valuation-dubai/golden-visa/,Golden Visa Property Valuation Dubai — AED 2M Threshold,1,TILL,greece golden visa property investment,10,0.0,0
2,/property-valuation-dubai/golden-visa/,Golden Visa Property Valuation Dubai — AED 2M Threshold,1,TILL,golden visa property purchase,10,0.0,0
3,/property-valuation-dubai/how-it-works/,"How Dubai Property Valuation Works — Methods, Cost and Timing",1,SUPPORT,property valuation calculator dubai,50,20.31,66
3,/property-valuation-dubai/how-it-works/,"How Dubai Property Valuation Works — Methods, Cost and Timing",1,SUPPORT,property valuation certificate dubai,40,14.07,36
3,/property-valuation-dubai/how-it-works/,"How Dubai Property Valuation Works — Methods, Cost and Timing",1,SUPPORT,property valuation dubai cost,10,0.0,0
3,/property-valuation-dubai/how-it-works/,"How Dubai Property Valuation Works — Methods, Cost and Timing",1,SUPPORT,property valuation calculator free dubai,10,0.0,0
4,/snagging-dubai/,Snagging Company Dubai — Real Costs and Full Checklist,1,DOOR,snagging company dubai,720,89.72,4198
4,/snagging-dubai/,Snagging Company Dubai — Real Costs and Full Checklist,1,DOOR,snagging companies in dubai,720,89.72,4198
4,/snagging-dubai/,Snagging Company Dubai — Real Costs and Full Checklist,1,DOOR,snagging dubai,320,77.34,1608
4,/snagging-dubai/,Snagging Company Dubai — Real Costs and Full Checklist,1,DOOR,property snagging dubai,140,47.78,434
4,/snagging-dubai/,Snagging Company Dubai — Real Costs and Full Checklist,1,DOOR,best snagging company dubai,20,0.0,0
5,/snagging-dubai/cost/,Snagging Cost Dubai — Real Prices by Unit Size (2026),1,DOOR,snagging dubai cost,50,91.3,296
6,/snagging-dubai/checklist/,Dubai Snagging Checklist — 180 Points Checked at Handover,1,DOOR,snagging inspection dubai,140,50.17,456
6,/snagging-dubai/checklist/,Dubai Snagging Checklist — 180 Points Checked at Handover,1,DOOR,home inspection dubai,50,101.99,331
6,/snagging-dubai/checklist/,Dubai Snagging Checklist — 180 Points Checked at Handover,1,DOOR,handover inspection dubai,30,98.9,192
9,/holiday-home-management-dubai/,Holiday Home Management Dubai — What Operators Charge (15–25%),2,DOOR,holiday home management dubai,110,168.05,1201
9,/holiday-home-management-dubai/,Holiday Home Management Dubai — What Operators Charge (15–25%),2,DOOR,airbnb property management dubai,50,64.42,209
9,/holiday-home-management-dubai/,Holiday Home Management Dubai — What Operators Charge (15–25%),2,DOOR,short-term rental management dubai,40,136.03,353
10,/holiday-home-management-dubai/short-let-vs-long-let/,Short-Let vs Long-Term Rental Dubai — Real Net Numbers,2,DOOR,short term rental accommodation dubai,1900,14.47,1787
10,/holiday-home-management-dubai/short-let-vs-long-let/,Short-Let vs Long-Term Rental Dubai — Real Net Numbers,2,DOOR,short term rental properties in dubai,1900,14.47,1787
10,/holiday-home-management-dubai/short-let-vs-long-let/,Short-Let vs Long-Term Rental Dubai — Real Net Numbers,2,DOOR,short term rental dubai marina,50,15.28,49
10,/holiday-home-management-dubai/short-let-vs-long-let/,Short-Let vs Long-Term Rental Dubai — Real Net Numbers,2,DOOR,short term rental companies dubai,40,46.75,121
10,/holiday-home-management-dubai/short-let-vs-long-let/,Short-Let vs Long-Term Rental Dubai — Real Net Numbers,2,DOOR,best short term rental companies in dubai,20,36.84,47
10,/holiday-home-management-dubai/short-let-vs-long-let/,Short-Let vs Long-Term Rental Dubai — Real Net Numbers,2,DOOR,short term rental dubai hills,10,11.57,7
10,/holiday-home-management-dubai/short-let-vs-long-let/,Short-Let vs Long-Term Rental Dubai — Real Net Numbers,2,DOOR,short term rental bur dubai,10,5.44,3
10,/holiday-home-management-dubai/short-let-vs-long-let/,Short-Let vs Long-Term Rental Dubai — Real Net Numbers,2,DOOR,short term rental agents dubai,10,0.0,0
10,/holiday-home-management-dubai/short-let-vs-long-let/,Short-Let vs Long-Term Rental Dubai — Real Net Numbers,2,DOOR,arabian holidays short term rental experts in dubai,10,0.0,0
11,/holiday-home-management-dubai/permit/,Dubai Holiday Home Permit — DET Registration Step by Step,3,SUPPORT,short term rental license dubai,10,0.0,0
12,/blog/mortgage-broker-dubai/,"Dubai Mortgage Brokers — Fees, and When You Do Not Need One",3,BLOG,dubai mortgage broker,480,50.94,1589
12,/blog/mortgage-broker-dubai/,"Dubai Mortgage Brokers — Fees, and When You Do Not Need One",3,BLOG,mortgage advisor dubai,480,50.94,1589
12,/blog/mortgage-broker-dubai/,"Dubai Mortgage Brokers — Fees, and When You Do Not Need One",3,BLOG,mortgage consultant dubai,70,30.33,138
12,/blog/mortgage-broker-dubai/,"Dubai Mortgage Brokers — Fees, and When You Do Not Need One",3,BLOG,best mortgage broker in dubai,40,74.77,194
12,/blog/mortgage-broker-dubai/,"Dubai Mortgage Brokers — Fees, and When You Do Not Need One",3,BLOG,top mortgage brokers in dubai,30,22.4,43
12,/blog/mortgage-broker-dubai/,"Dubai Mortgage Brokers — Fees, and When You Do Not Need One",3,BLOG,mortgage broker license dubai,10,65.85,42
12,/blog/mortgage-broker-dubai/,"Dubai Mortgage Brokers — Fees, and When You Do Not Need One",3,BLOG,huspy mortgage broker dubai,10,4.0,2
12,/blog/mortgage-broker-dubai/,"Dubai Mortgage Brokers — Fees, and When You Do Not Need One",3,BLOG,list of mortgage brokers in dubai,10,0.0,0
12,/blog/mortgage-broker-dubai/,"Dubai Mortgage Brokers — Fees, and When You Do Not Need One",3,BLOG,lion mortgage consultants dubai,10,0.0,0
12,/blog/mortgage-broker-dubai/,"Dubai Mortgage Brokers — Fees, and When You Do Not Need One",3,BLOG,expert mortgage broker dubai,10,0.0,0
12,/blog/mortgage-broker-dubai/,"Dubai Mortgage Brokers — Fees, and When You Do Not Need One",3,BLOG,mortgage advisor dubai salary,10,0.0,0
12,/blog/mortgage-broker-dubai/,"Dubai Mortgage Brokers — Fees, and When You Do Not Need One",3,BLOG,senior mortgage advisor salary dubai,10,0.0,0
13,/blog/non-resident-mortgage-dubai/,Non-Resident Mortgage Dubai — LTV Limits and Which Banks Lend,3,BLOG,non-resident mortgage dubai,140,19.98,181
13,/blog/non-resident-mortgage-dubai/,Non-Resident Mortgage Dubai — LTV Limits and Which Banks Lend,3,BLOG,equity release mortgage dubai,30,43.15,84
13,/blog/non-resident-mortgage-dubai/,Non-Resident Mortgage Dubai — LTV Limits and Which Banks Lend,3,BLOG,hsbc dubai non resident mortgage,10,0.0,0
13,/blog/non-resident-mortgage-dubai/,Non-Resident Mortgage Dubai — LTV Limits and Which Banks Lend,3,BLOG,dubai islamic bank non resident mortgage,10,0.0,0
13,/blog/non-resident-mortgage-dubai/,Non-Resident Mortgage Dubai — LTV Limits and Which Banks Lend,3,BLOG,refinance mortgage dubai,10,0.0,0
13,/blog/non-resident-mortgage-dubai/,Non-Resident Mortgage Dubai — LTV Limits and Which Banks Lend,3,BLOG,non resident mortgage dubai requirements,10,0.0,0
13,/blog/non-resident-mortgage-dubai/,Non-Resident Mortgage Dubai — LTV Limits and Which Banks Lend,3,BLOG,uk mortgage for expats in dubai,10,0.0,0
